date,category_id,category_name,total_lines,translated_lines,reviewed_lines,basis,link,note
2026-05-30,overall,ภาพรวมทั้งหมด,5241,1000,0,1,,
2026-06-05,overall,ภาพรวมทั้งหมด,5241,1552,0,1,,
2026-06-12,overall,ภาพรวมทั้งหมด,5241,2000,0,1,,
2026-06-20,overall,ภาพรวมทั้งหมด,5241,2416,0,1,,
2026-06-24,overall,ภาพรวมทั้งหมด,5241,3017,0,1,,
2026-06-25,overall,ภาพรวมทั้งหมด,5241,3172,0,1,,
2026-06-30,overall,ภาพรวมทั้งหมด,5241,3426,0,1,,
2026-07-07,overall,ภาพรวมทั้งหมด,5241,3712,0,1,,
2026-09-04,overall,ภาพรวมทั้งหมด,5241,3888,0,1,,พักไปแปลเกม Official
2026-10-02,overall,ภาพรวมทั้งหมด,5241,4065,0,1,,
2026-10-07,overall,ภาพรวมทั้งหมด,5327,4079,363,1,,เริ่มตรวจสอบ | พบบรรทัดเพิ่ม 86 บรรทัด
2026-10-08,overall,ภาพรวมทั้งหมด,8246,7066,2973,2,,
2026-10-08,story,เนื้อเรื่อง,3416,2450,131,2,,
2026-10-08,cutscene,คัตซีน,534,451,149,2,,
2026-10-08,docs,เอกสาร,350,284,6,2,,
2026-10-08,items,ไอเทม,67,64,35,2,,
2026-10-08,gear,อุปกรณ์,424,394,54,2,,
2026-10-08,ui,UI/ระบบ,3455,3423,2598,2,,
